Seconds,Value
29368.116000000002,Request camera start
29409.578976000001,Start trial logic
29409.746975999999,Trial start
29409.746975999999,Rotating nosepoke
29413.175999999999,Start mismatch rotations
29414.212,Performing outer rotations
29452.132991999999,Target zone available
29454.400000000001,Target zone triggered
29454.404992,Await poke
29459.439999999999,Rewarded Port: {Correct=False, ChosenPort=-1}
29459.448,No reward
29459.448,Performing inner rotations
29470.103999999999,Rotations complete
29470.115487999999,Trial start
29470.115487999999,Rotating nosepoke
29473.924992,Start mismatch rotations
29474.941984000001,Performing outer rotations
29485.835999999999,Target zone available
29510.414976,Target zone triggered
29510.416000000001,Await poke
29515.232479999999,Rewarded Port: {Correct=True, ChosenPort=16}
29515.232992000001,Reward at 16
29515.232992000001,Performing inner rotations
29526.693152,Rotations complete
29526.706976000001,Trial start
29526.706976000001,Rotating nosepoke
29538.530975999998,Start mismatch rotations
29585.335999999999,Performing outer rotations
29595.008991999999,Target zone available
29595.025984,Target zone triggered
29595.026976000001,Await poke
29598.150752000001,Rewarded Port: {Correct=True, ChosenPort=0}
29598.150752000001,Reward at 0
29598.150752000001,Performing inner rotations
29603.537983999999,Rotations complete
29603.549503999999,Trial start
29603.549503999999,Rotating nosepoke
29609.312000000002,Start mismatch rotations
29610.322975999999,Performing outer rotations
29621.553983999998,Target zone available
29626.407999999999,Target zone triggered
29626.408992000001,Await poke
29629.413504,Rewarded Port: {Correct=True, ChosenPort=3}
29629.413983999999,Reward at 3
29629.413983999999,Performing inner rotations
29636.928992000001,Rotations complete
29636.939488,Trial start
29636.939488,Rotating nosepoke
29640.670976000001,Start mismatch rotations
29641.686976000001,Performing outer rotations
29650.840992000001,Target zone available
29653.606975999999,Target zone triggered
29653.608,Await poke
29657.201504000001,Rewarded Port: {Correct=True, ChosenPort=3}
29657.201983999999,Reward at 3
29657.203455999999,Performing inner rotations
29674.383999999998,Rotations complete
29674.397983999999,Trial start
29674.397983999999,Rotating nosepoke
29683.116991999999,Start mismatch rotations
29684.135488,Performing outer rotations
29698.462975999999,Target zone available
29715.236991999998,Target zone triggered
29715.237983999999,Await poke
29718.914976,Rewarded Port: {Correct=True, ChosenPort=5}
29718.916000000001,Reward at 5
29718.916000000001,Performing inner rotations
29733.996992,Rotations complete
29734.00848,Trial start
29734.00848,Rotating nosepoke
29742.730975999999,Start mismatch rotations
29743.748,Performing outer rotations
29757.101984000001,Target zone available
29770.634976000001,Target zone triggered
29770.635999999999,Await poke
29774.505856,Rewarded Port: {Correct=True, ChosenPort=1}
29774.505856,Reward at 1
29774.505856,Performing inner rotations
29780.475999999999,Rotations complete
