Seconds,Value,
1096.4179839999999,Request camera start,
1110.364992,Start trial logic,
1110.5329919999999,Trial start,
1110.5329919999999,Rotating nosepoke,
1110.5469760000001,Start mismatch rotations,
1111.577984,Performing outer rotations,
1118.7389760000001,Target zone available,
1145.0719999999999,Target zone triggered,
1145.076992,Await poke,
1147.6455040000001,Rewarded Port: {Correct=True, ChosenPort=6}
1147.654976,Reward at 6,
1147.654976,Performing inner rotations,
1165.3739840000001,Rotations complete,
1165.3864960000001,Trial start,
1165.3864960000001,Rotating nosepoke,
1178.106976,Start mismatch rotations,
1179.1129920000001,Performing outer rotations,
1196.3249920000001,Target zone available,
1212.7840000000001,Target zone triggered,
1212.7849920000001,Await poke,
1217.79648,Rewarded Port: {Correct=False, ChosenPort=-1}
1217.797984,No reward,
1217.797984,Performing inner rotations,
1253.146976,Rotations complete,
1253.1609920000001,Trial start,
1253.1609920000001,Rotating nosepoke,
1256.8720000000001,Start mismatch rotations,
1257.8899839999999,Performing outer rotations,
1264.8329920000001,Target zone available,
1281.6309759999999,Target zone triggered,
1281.6320000000001,Await poke,
1285.08448,Rewarded Port: {Correct=False, ChosenPort=12}
1285.08448,No reward,
1285.08448,Performing inner rotations,
1298.6489919999999,Rotations complete,
1298.66048,Trial start,
1298.66048,Rotating nosepoke,
1303.366976,Start mismatch rotations,
1304.3749760000001,Performing outer rotations,
1323.4200000000001,Target zone available,
1361.877984,Target zone triggered,
1361.878976,Await poke,
1363.349504,Rewarded Port: {Correct=False, ChosenPort=11}
1363.3499839999999,No reward,
1363.3499839999999,Performing inner rotations,
1380.4469759999999,Rotations complete,
1380.4589759999999,Trial start,
1380.4589759999999,Rotating nosepoke,
1389.2469759999999,Start mismatch rotations,
1390.2579840000001,Performing outer rotations,
1403.8749760000001,Target zone available,
1427.040992,Target zone triggered,
1427.041984,Await poke,
1429.7898560000001,Rewarded Port: {Correct=True, ChosenPort=0}
1429.7898560000001,Reward at 0,
1429.7898560000001,Performing inner rotations,
1444.0449920000001,Rotations complete,
