Seconds,Value
26121.066975999998,Request camera start
26141.836992,Start trial logic
26142.054975999999,Trial start
26142.054975999999,Rotating nosepoke
26142.097984,Start mismatch rotations
26143.132991999999,Performing outer rotations
26143.158975999999,Target zone available
26143.171999999999,Target zone triggered
26143.18,Await poke
26153.738976000001,Rewarded Port: {Correct=True, ChosenPort=12}
26153.748992000001,Reward at 12
26153.748992000001,Performing inner rotations
26153.764992,Rotations complete
26153.794495999999,Trial start
26153.794495999999,Rotating nosepoke
26153.795488,Start mismatch rotations
26154.805983999999,Performing outer rotations
26154.806976,Target zone available
26154.82,Target zone triggered
26154.820992000001,Await poke
26170.409984000002,Rewarded Port: {Correct=True, ChosenPort=3}
26170.410975999999,Reward at 3
26170.410975999999,Performing inner rotations
26170.412992000001,Rotations complete
26170.423488,Trial start
26170.423488,Rotating nosepoke
26170.423999999999,Start mismatch rotations
26171.432000000001,Performing outer rotations
26171.432991999998,Target zone available
26171.436991999999,Target zone triggered
26171.437984,Await poke
26193.401504000001,Rewarded Port: {Correct=True, ChosenPort=9}
26193.402495999999,Reward at 9
26193.402495999999,Performing inner rotations
26193.402976000001,Rotations complete
26193.414496000001,Trial start
26193.414496000001,Rotating nosepoke
26193.415072,Start mismatch rotations
26194.426975999999,Performing outer rotations
26194.428,Target zone available
26194.436000000002,Target zone triggered
26194.436991999999,Await poke
26207.259999999998,Rewarded Port: {Correct=True, ChosenPort=16}
26207.260992,Reward at 16
26207.260992,Performing inner rotations
26207.261984000001,Rotations complete
26207.272991999998,Trial start
26207.272991999998,Rotating nosepoke
26207.273983999999,Start mismatch rotations
26208.289983999999,Performing outer rotations
26208.292000000001,Target zone available
26208.300992,Target zone triggered
26208.301984000002,Await poke
26221.975807999999,Rewarded Port: {Correct=True, ChosenPort=2}
26221.975807999999,Reward at 2
26221.975807999999,Performing inner rotations
26221.975807999999,Rotations complete
26221.975807999999,Trial start
26221.975807999999,Rotating nosepoke
26221.975807999999,Start mismatch rotations
26223.002976,Performing outer rotations
26223.004991999998,Target zone available
26223.016992000001,Target zone triggered
26223.017983999998,Await poke
26230.198976,Rewarded Port: {Correct=True, ChosenPort=8}
26230.198976,Reward at 8
26230.198976,Performing inner rotations
26230.200991999998,Rotations complete
26230.212992000001,Trial start
26230.212992000001,Rotating nosepoke
26230.213984000002,Start mismatch rotations
26231.217983999999,Performing outer rotations
26231.220000000001,Target zone available
26231.236991999998,Target zone triggered
26231.236991999998,Await poke
26238.912992000001,Rewarded Port: {Correct=True, ChosenPort=11}
26238.913983999999,Reward at 11
26238.913983999999,Performing inner rotations
26238.914976,Rotations complete
26238.926975999999,Trial start
26238.926975999999,Rotating nosepoke
26238.928,Start mismatch rotations
26239.930976,Performing outer rotations
26239.933983999999,Target zone available
26239.948992000001,Target zone triggered
26239.949983999999,Await poke
26254.049984000001,Rewarded Port: {Correct=True, ChosenPort=12}
26254.049984000001,Reward at 12
26254.049984000001,Performing inner rotations
26254.052,Rotations complete
26254.064992,Trial start
26254.064992,Rotating nosepoke
26254.066495999999,Start mismatch rotations
26255.069984000002,Performing outer rotations
26255.072,Target zone available
26255.081984,Target zone triggered
26255.082976000002,Await poke
26258.436991999999,Rewarded Port: {Correct=True, ChosenPort=16}
26258.437984,Reward at 16
26258.437984,Performing inner rotations
26258.438976000001,Rotations complete
26258.449983999999,Trial start
26258.449983999999,Rotating nosepoke
26258.452000000001,Start mismatch rotations
26259.454976000001,Performing outer rotations
26259.456991999999,Target zone available
26259.466976,Target zone triggered
26259.468000000001,Await poke
26263.865984,Rewarded Port: {Correct=True, ChosenPort=12}
26263.866976000001,Reward at 12
26263.866976000001,Performing inner rotations
26263.867999999999,Rotations complete
