Seconds,Value
27128.259999999998,Request camera start
27143.890975999999,Start trial logic
27144.038976,Trial start
27144.038976,Rotating nosepoke
27144.050975999999,Start mismatch rotations
27145.081984,Performing outer rotations
27145.101984000001,Target zone available
27150.364000000001,Target zone triggered
27150.367999999999,Await poke
27157.613984,Rewarded Port: {Correct=True, ChosenPort=6}
27157.621984000001,Reward at 6
27157.621984000001,Performing inner rotations
27157.636992,Rotations complete
27157.649984,Trial start
27157.649984,Rotating nosepoke
27157.649984,Start mismatch rotations
27158.652991999999,Performing outer rotations
27175.370975999998,Target zone available
27175.380991999999,Target zone triggered
27175.380991999999,Await poke
27186.248,Rewarded Port: {Correct=True, ChosenPort=16}
27186.248992000001,Reward at 16
27186.248992000001,Performing inner rotations
27186.249983999998,Rotations complete
27186.260992,Trial start
27186.260992,Rotating nosepoke
27188.394976,Start mismatch rotations
27189.406975999998,Performing outer rotations
27203.276991999999,Target zone available
27210.544991999999,Target zone triggered
27210.545984,Await poke
27219.012896,Rewarded Port: {Correct=True, ChosenPort=0}
27219.012896,Reward at 0
27219.012896,Performing inner rotations
27223.968000000001,Rotations complete
27223.978975999999,Trial start
27223.978975999999,Rotating nosepoke
27228.800992,Start mismatch rotations
27229.817984000001,Performing outer rotations
27238.121984000001,Target zone available
27246.276000000002,Target zone triggered
27246.276991999999,Await poke
27252.610624000001,Rewarded Port: {Correct=True, ChosenPort=2}
27252.610624000001,Reward at 2
27252.610624000001,Performing inner rotations
27257.502976,Rotations complete
27257.514496,Trial start
27257.514496,Rotating nosepoke
27267.230975999999,Start mismatch rotations
27268.244992,Performing outer rotations
27280.284992000001,Target zone available
27280.292000000001,Target zone triggered
27280.292991999999,Await poke
27289.82848,Rewarded Port: {Correct=True, ChosenPort=13}
27289.82848,Reward at 13
27289.82848,Performing inner rotations
27293.821983999998,Rotations complete
27293.833984000001,Trial start
27293.833984000001,Rotating nosepoke
27303.533984000002,Start mismatch rotations
27304.549984000001,Performing outer rotations
27313.178975999999,Target zone available
27313.256991999999,Target zone triggered
27313.259999999998,Await poke
27318.277504000001,Rewarded Port: {Correct=False, ChosenPort=-1}
27318.277984,No reward
27318.277984,Performing inner rotations
27330.204991999999,Rotations complete
